index,function_error
1,3.125768418419495e21
2,3.125768418419495e21
3,3.125768418419495e21
