index,function_error
1,1.9643958519589736e16
2,1.9643958519589736e16
3,1.9643958519589736e16
