{"01":{"[1; 7; 10;;]":[1.0,2.0,-1.5,1.9,-3.84,10.562,-36.583,152.5924,-744.04446,4151.389735999999],"[1; -4; 3;;]":[1.0,2.0,2.3333333333333335,5.555555555555556,21.444444444444446,112.51851851851853,742.9753086419754,5906.2962962962965,54877.773662551444,583394.1536351166],"[1; 10; 14;;]":[1.0,2.0,-1.5,2.0,-4.178571428571429,11.79591836734694,-41.82981049562682,178.42805081216162,-889.1524104539776,5068.126056107575],"[1; 6; 4;;]":[1.0,2.0,-3.25,9.25,-40.8125,242.5625,-1809.015625,16220.5,-169862.99609375,2.034300828125e6],"[1; -7; 3;;]":[1.0,2.0,4.333333333333333,19.555555555555554,135.44444444444443,1257.6296296296293,14627.197530864194,204361.5555555555,3.333029674897119e6,6.214843341289437e7],"[1; 8; 1;;]":[1.0,2.0,-17.0,270.0,-6463.0,206546.0,-8.255377e6,3.9605155e8,-2.2170631423e10,1.418524359522e12],"[1; -9; 12;;]":[1.0,2.0,1.4166666666666667,1.9583333333333333,4.288194444444445,12.701388888888888,47.27285879629628,211.6694155092592,1107.3250265239196,6626.311041184414],"[1; -9; 6;;]":[1.0,2.0,2.8333333333333335,8.166666666666666,36.27777777777777,216.30555555555551,1616.2453703703702,14510.157407407403,152087.27854938267,1.822628983024691e6]}}