{
  "01": {
    "[-2; -10;;]": [
      5.0,
      -1.0,
      0.1,
      -0.0033333333333333335,
      2.777777777777778e-5
    ],
    "[-6; -4;;]": [
      3.0,
      -4.5,
      3.375,
      -0.84375,
      0.052734375
    ]
  }
}
